PDL1.binder_contacts,PDL1.binder_helicity,PDL1.binder_pae,PDL1.compactness,PDL1.interface_contacts,PDL1.interface_pae,PDL1.iptm,PDL1.iptm_loss,PDL1.plddt_loss,PDL1.ptm,phase,round
4.9,-0.55,0.32,11.8,3.8,0.09,0.11,0.04,0.07,0.56,screen,1
4.3,-0.37,0.27,0.75,3.8,0.07,0.16,0.04,0.07,0.58,screen,2
4.0,-0.29,0.24,0.84,3.9,0.07,0.17,0.04,0.06,0.58,screen,3
3.9,-0.27,0.21,-0.17,4.0,0.07,0.17,0.04,0.06,0.58,screen,4
4.1,-0.31,0.24,1.5,3.8,0.07,0.16,0.04,0.06,0.59,screen,5
3.8,-0.28,0.21,-0.07,4.0,0.07,0.14,0.04,0.06,0.57,screen,6
3.9,-0.3,0.22,0.43,4.0,0.07,0.15,0.04,0.06,0.57,screen,7
3.9,-0.31,0.21,0.31,4.1,0.07,0.15,0.04,0.06,0.57,screen,8
3.6,-0.25,0.18,0.04,4.1,0.08,0.13,0.04,0.05,0.56,screen,9
3.6,-0.23,0.18,0.09,3.9,0.07,0.17,0.04,0.05,0.58,screen,10
3.6,-0.24,0.18,-0.22,4.0,0.07,0.16,0.04,0.05,0.58,screen,11
3.5,-0.26,0.17,-0.19,4.0,0.07,0.15,0.04,0.05,0.57,screen,12
3.2,-0.28,0.16,0.16,3.7,0.07,0.18,0.04,0.05,0.59,screen,13
3.1,-0.26,0.14,-0.2,3.9,0.07,0.15,0.04,0.05,0.56,screen,14
3.1,-0.27,0.14,0.05,3.4,0.05,0.32,0.03,0.04,0.64,screen,15
2.8,-0.29,0.12,0.05,3.0,0.05,0.39,0.03,0.04,0.68,screen,16
2.7,-0.31,0.11,0.0,3.0,0.05,0.42,0.03,0.03,0.69,screen,17
2.5,-0.32,0.1,-0.03,2.3,0.03,0.63,0.02,0.03,0.78,screen,18
2.6,-0.34,0.09,-0.09,2.5,0.03,0.59,0.02,0.03,0.76,screen,19
2.5,-0.35,0.09,-0.07,2.9,0.04,0.52,0.02,0.03,0.73,screen,20
2.2,-0.38,0.06,-0.02,2.5,0.03,0.61,0.02,0.02,0.77,screen,21
2.6,-0.35,0.09,-0.02,2.9,0.04,0.51,0.02,0.03,0.72,screen,22
2.0,-0.41,0.05,-0.03,2.0,0.02,0.75,0.01,0.01,0.83,screen,23
1.9,-0.44,0.05,-0.04,1.9,0.02,0.76,0.01,0.01,0.84,screen,24
1.7,-0.47,0.04,-0.01,1.8,0.02,0.78,0.01,0.01,0.85,screen,25
1.7,-0.45,0.05,-0.04,1.9,0.02,0.76,0.01,0.01,0.83,screen,26
1.8,-0.41,0.05,0.01,2.5,0.03,0.63,0.02,0.01,0.77,screen,27
1.7,-0.45,0.04,0.03,2.1,0.02,0.72,0.01,0.01,0.81,screen,28
1.8,-0.44,0.05,-0.0,2.3,0.02,0.7,0.01,0.01,0.81,screen,29
1.8,-0.46,0.04,-0.04,2.0,0.02,0.73,0.01,0.01,0.82,screen,30
1.7,-0.49,0.04,-0.03,1.7,0.02,0.79,0.01,0.01,0.85,screen,31
1.8,-0.47,0.05,0.02,1.9,0.02,0.77,0.01,0.01,0.84,screen,32
1.6,-0.53,0.04,-0.01,1.6,0.02,0.82,0.01,0.01,0.86,screen,33
1.7,-0.49,0.04,-0.06,2.0,0.02,0.72,0.01,0.01,0.82,screen,34
1.9,-0.46,0.05,-0.02,1.7,0.02,0.78,0.01,0.01,0.84,screen,35
1.8,-0.46,0.05,-0.04,1.7,0.02,0.78,0.01,0.01,0.85,screen,36
1.7,-0.51,0.04,-0.05,1.5,0.02,0.81,0.01,0.01,0.86,screen,37
1.7,-0.49,0.04,0.01,1.8,0.02,0.76,0.01,0.01,0.83,screen,38
1.6,-0.52,0.04,-0.02,1.9,0.02,0.77,0.01,0.01,0.83,screen,39
2.8,-0.29,0.1,-0.01,2.6,0.03,0.59,0.02,0.03,0.76,screen,40
1.7,-0.52,0.04,-0.01,1.6,0.02,0.81,0.01,0.01,0.86,screen,41
1.6,-0.5,0.04,-0.03,1.9,0.02,0.77,0.01,0.01,0.83,screen,42
1.6,-0.54,0.04,-0.02,1.6,0.02,0.81,0.01,0.01,0.86,screen,43
1.6,-0.52,0.04,-0.03,1.6,0.02,0.79,0.01,0.01,0.84,screen,44
1.7,-0.48,0.04,-0.02,2.0,0.02,0.76,0.01,0.01,0.84,screen,45
1.6,-0.52,0.04,-0.03,1.9,0.02,0.75,0.01,0.01,0.83,screen,46
1.6,-0.55,0.04,-0.01,1.5,0.02,0.82,0.01,0.01,0.87,screen,47
1.7,-0.48,0.04,-0.01,1.7,0.02,0.79,0.01,0.01,0.85,screen,48
1.6,-0.51,0.04,-0.02,1.5,0.02,0.82,0.01,0.01,0.86,screen,49
1.6,-0.52,0.04,-0.0,1.9,0.02,0.77,0.01,0.01,0.83,screen,50
2.8,-0.35,0.12,0.04,3.3,0.05,0.34,0.03,0.04,0.63,refine,1
3.4,-0.29,0.17,0.39,3.4,0.06,0.29,0.04,0.05,0.63,refine,2
1.6,-0.56,0.04,-0.02,1.5,0.02,0.83,0.01,0.01,0.86,refine,3
1.5,-0.55,0.04,-0.01,1.5,0.02,0.81,0.01,0.01,0.85,refine,4
1.6,-0.51,0.04,-0.03,1.5,0.02,0.81,0.01,0.01,0.85,refine,5
1.7,-0.47,0.05,0.04,1.5,0.02,0.82,0.01,0.01,0.87,refine,6
1.5,-0.58,0.04,-0.01,1.4,0.02,0.83,0.01,0.01,0.87,refine,7
1.6,-0.49,0.04,-0.02,2.1,0.02,0.73,0.01,0.01,0.82,refine,8
1.5,-0.53,0.04,-0.02,1.9,0.02,0.77,0.01,0.01,0.83,refine,9
1.7,-0.47,0.05,-0.03,1.7,0.02,0.79,0.01,0.01,0.85,refine,10
1.4,-0.61,0.04,-0.05,1.4,0.02,0.84,0.01,0.01,0.87,refine,11
3.1,-0.28,0.16,0.06,2.7,0.05,0.54,0.02,0.04,0.72,refine,12
1.8,-0.43,0.05,-0.13,3.9,0.07,0.14,0.04,0.02,0.56,refine,13
1.5,-0.53,0.04,-0.04,1.5,0.02,0.82,0.01,0.01,0.86,refine,14
1.7,-0.51,0.04,-0.09,3.6,0.06,0.18,0.04,0.02,0.58,refine,15
1.5,-0.55,0.04,0.0,2.1,0.02,0.75,0.01,0.01,0.83,refine,16
1.7,-0.5,0.05,-0.1,3.3,0.05,0.33,0.03,0.02,0.65,refine,17
1.5,-0.54,0.04,-0.05,1.9,0.02,0.76,0.01,0.01,0.83,refine,18
1.5,-0.58,0.04,-0.02,1.6,0.02,0.83,0.01,0.01,0.87,refine,19
1.5,-0.52,0.04,-0.06,1.4,0.02,0.83,0.01,0.01,0.86,refine,20
1.6,-0.49,0.04,-0.03,1.4,0.02,0.84,0.01,0.01,0.88,refine,21
1.4,-0.61,0.04,-0.04,1.3,0.02,0.84,0.01,0.01,0.87,refine,22
1.4,-0.56,0.04,-0.05,1.5,0.02,0.81,0.01,0.01,0.86,refine,23
1.4,-0.58,0.04,-0.05,1.3,0.02,0.84,0.01,0.01,0.87,refine,24
1.4,-0.61,0.04,-0.04,1.4,0.02,0.83,0.01,0.01,0.86,refine,25
1.5,-0.58,0.04,-0.07,3.2,0.05,0.26,0.04,0.02,0.62,anneal,1
1.5,-0.53,0.04,-0.06,1.4,0.02,0.83,0.01,0.01,0.87,anneal,2
1.4,-0.57,0.04,-0.06,1.3,0.02,0.83,0.01,0.01,0.87,anneal,3
1.4,-0.54,0.04,-0.03,1.3,0.02,0.83,0.01,0.01,0.87,anneal,4
1.4,-0.55,0.04,-0.02,1.3,0.02,0.84,0.01,0.01,0.87,anneal,5
1.4,-0.58,0.03,-0.03,1.5,0.02,0.81,0.01,0.01,0.85,anneal,6
1.6,-0.54,0.04,-0.04,2.6,0.03,0.63,0.02,0.01,0.77,anneal,7
1.4,-0.56,0.03,-0.04,1.5,0.02,0.81,0.01,0.01,0.86,anneal,8
1.5,-0.56,0.04,-0.04,2.2,0.02,0.73,0.01,0.01,0.82,anneal,9
1.4,-0.58,0.04,-0.06,1.4,0.02,0.84,0.01,0.01,0.87,anneal,10
1.4,-0.56,0.03,-0.06,1.5,0.02,0.81,0.01,0.01,0.86,anneal,11
1.3,-0.58,0.03,-0.05,1.5,0.02,0.82,0.01,0.01,0.86,anneal,12
1.4,-0.58,0.03,-0.05,1.6,0.02,0.82,0.01,0.01,0.86,anneal,13
1.4,-0.6,0.04,-0.05,1.5,0.02,0.83,0.01,0.01,0.86,anneal,14
1.3,-0.62,0.03,-0.02,1.7,0.02,0.8,0.01,0.01,0.85,anneal,15
1.4,-0.59,0.03,-0.08,1.4,0.02,0.82,0.01,0.01,0.86,anneal,16
1.6,-0.51,0.04,-0.06,1.9,0.02,0.79,0.01,0.01,0.85,anneal,17
2.3,-0.37,0.08,-0.18,3.9,0.07,0.16,0.04,0.03,0.58,anneal,18
1.4,-0.58,0.03,-0.01,1.4,0.02,0.84,0.01,0.01,0.87,anneal,19
1.6,-0.56,0.04,-0.01,1.5,0.02,0.82,0.01,0.01,0.86,anneal,20
1.9,-0.46,0.05,-0.02,2.1,0.02,0.76,0.01,0.01,0.83,anneal,21
2.1,-0.43,0.06,-0.03,1.9,0.02,0.76,0.01,0.02,0.83,anneal,22
2.3,-0.43,0.08,-0.01,2.6,0.03,0.63,0.02,0.02,0.77,anneal,23
1.9,-0.51,0.05,0.01,2.3,0.02,0.7,0.02,0.02,0.81,anneal,24
1.9,-0.45,0.06,0.01,1.8,0.02,0.76,0.01,0.01,0.82,anneal,25
1.5,-0.6,0.03,-0.03,1.3,0.02,0.84,0.01,0.01,0.87,anneal,26
1.5,-0.62,0.03,-0.04,1.6,0.02,0.8,0.01,0.01,0.84,anneal,27
1.4,-0.61,0.03,-0.04,1.7,0.02,0.79,0.01,0.01,0.85,anneal,28
1.5,-0.55,0.04,-0.15,3.7,0.07,0.17,0.04,0.02,0.58,anneal,29
1.5,-0.6,0.04,-0.12,3.5,0.06,0.17,0.04,0.01,0.58,anneal,30
1.4,-0.63,0.03,-0.06,1.3,0.02,0.83,0.01,0.01,0.87,anneal,31
2.1,-0.44,0.05,-0.08,2.8,0.03,0.61,0.02,0.02,0.76,anneal,32
1.5,-0.59,0.04,-0.11,3.5,0.06,0.19,0.04,0.02,0.6,anneal,33
1.4,-0.63,0.03,-0.07,1.8,0.02,0.8,0.01,0.01,0.85,anneal,34
3.1,-0.36,0.15,-0.22,4.0,0.07,0.17,0.04,0.05,0.59,anneal,35
1.7,-0.53,0.04,-0.13,3.6,0.07,0.16,0.04,0.02,0.58,anneal,36
2.7,-0.39,0.09,-0.19,3.8,0.07,0.17,0.04,0.04,0.58,anneal,37
1.4,-0.64,0.03,-0.08,1.5,0.02,0.83,0.01,0.01,0.86,anneal,38
3.5,-0.35,0.18,-0.24,3.9,0.07,0.17,0.04,0.06,0.59,anneal,39
1.6,-0.55,0.04,-0.13,3.7,0.07,0.15,0.04,0.02,0.57,anneal,40
3.1,-0.34,0.13,-0.25,3.9,0.07,0.17,0.04,0.05,0.59,anneal,41
3.1,-0.35,0.14,-0.26,3.9,0.07,0.18,0.04,0.05,0.59,anneal,42
1.5,-0.61,0.04,-0.05,1.6,0.02,0.82,0.01,0.01,0.86,anneal,43
1.6,-0.55,0.04,-0.12,3.5,0.06,0.22,0.04,0.02,0.6,anneal,44
1.6,-0.56,0.04,-0.12,3.4,0.06,0.22,0.04,0.02,0.6,anneal,45
1.4,-0.63,0.03,-0.05,1.4,0.02,0.83,0.01,0.01,0.87,harden,1
1.4,-0.63,0.03,-0.05,1.5,0.02,0.83,0.01,0.01,0.86,harden,2
1.4,-0.62,0.03,-0.06,1.5,0.02,0.83,0.01,0.01,0.86,harden,3
1.5,-0.57,0.04,-0.1,3.6,0.06,0.18,0.04,0.02,0.59,harden,4
1.4,-0.57,0.04,-0.1,3.7,0.07,0.16,0.04,0.02,0.59,harden,5
,,,,,,0.19,,,0.59,mutate,1
,,,,,,0.19,,,0.59,mutate,2
,,,,,,0.84,,,0.87,mutate,3
,,,,,,0.17,,,0.59,mutate,4
,,,,,,0.84,,,0.87,mutate,5
,,,,,,0.17,,,0.59,mutate,6
,,,,,,0.76,,,0.84,mutate,7
,,,,,,0.84,,,0.87,mutate,8
,,,,,,0.28,,,0.62,mutate,9
,,,,,,0.85,,,0.87,mutate,10
,,,,,,0.21,,,0.6,mutate,11
,,,,,,0.82,,,0.86,mutate,12
,,,,,,0.21,,,0.6,mutate,13
,,,,,,0.14,,,0.57,mutate,14
,,,,,,0.75,,,0.78,mutate,15
