campaign,scope,metric,samples,mean,std,min,max
output,campaign,trajectories,1,2.0,0.0,2.0,2.0
output,campaign,redesign_candidates,1,3.0,0.0,3.0,3.0
output,campaign,accepted_designs,1,1.0,0.0,1.0,1.0
output,campaign,terminated:completed,1,1.0,0.0,1.0,1.0
output,campaign,terminated:refine,1,1.0,0.0,1.0,1.0
output,accepted,All_Atom_Clashes,1,10.0,0.0,10.0,10.0
output,accepted,Backbone_Clashes,1,0.0,0.0,0.0,0.0
output,accepted,Binder_BetaSheet_Fraction,1,0.0,0.0,0.0,0.0
output,accepted,Binder_Cysteines,1,0.0,0.0,0.0,0.0
output,accepted,Binder_Disulfides,1,0.0,0.0,0.0,0.0
output,accepted,Binder_Extinction,1,9970.0,0.0,9970.0,9970.0
output,accepted,Binder_Free_Cysteines,1,0.0,0.0,0.0,0.0
output,accepted,Binder_Helix_Fraction,1,0.79,0.0,0.79,0.79
output,accepted,Binder_Loop_Fraction,1,0.21,0.0,0.21,0.21
output,accepted,Binder_Mass_kDa,1,9.9,0.0,9.9,9.9
output,accepted,Binder_Net_Charge,1,-0.97,0.0,-0.97,-0.97
output,accepted,Binder_RMSD,1,0.4,0.0,0.4,0.4
output,accepted,Binder_pI,1,5.8,0.0,5.8,5.8
output,accepted,Epitope_Residues_Contacted,1,15.0,0.0,15.0,15.0
output,accepted,Hotspot_Contact_Fraction,1,1.0,0.0,1.0,1.0
output,accepted,Interface_BetaSheet_Fraction,1,0.0,0.0,0.0,0.0
output,accepted,Interface_BuriedArea,1,850.1,0.0,850.1,850.1
output,accepted,Interface_BuriedArea_Fraction,1,0.15,0.0,0.15,0.15
output,accepted,Interface_Helix_Fraction,1,0.86,0.0,0.86,0.86
output,accepted,Interface_Hydrophobicity,1,0.36,0.0,0.36,0.36
output,accepted,Interface_Loop_Fraction,1,0.14,0.0,0.14,0.14
output,accepted,Interface_Residues,1,14.0,0.0,14.0,14.0
output,accepted,Off_Epitope_Contact_Fraction,1,0.32,0.0,0.32,0.32
output,accepted,SS_pLDDT,1,0.92,0.0,0.92,0.92
output,accepted,Surface_Hydrophobicity,1,0.22,0.0,0.22,0.22
output,accepted,Target_RMSD,1,0.32,0.0,0.32,0.32
output,accepted,Target_pLDDT,1,0.93,0.0,0.93,0.93
output,accepted,Unbound_Binder_pLDDT,1,0.89,0.0,0.89,0.89
output,accepted,i_pAE,1,0.2,0.0,0.2,0.2
output,accepted,i_pDAE,1,0.17,0.0,0.17,0.17
output,accepted,i_pTM,1,0.77,0.0,0.77,0.77
output,accepted,length,1,80.0,0.0,80.0,80.0
output,accepted,pLDDT,1,0.9,0.0,0.9,0.9
output,accepted,pTM,1,0.85,0.0,0.85,0.85
output,anneal,PDL1.binder_contacts,1,1.7,0.0,1.7,1.7
output,anneal,PDL1.binder_helicity,1,-0.53,0.0,-0.53,-0.53
output,anneal,PDL1.binder_pae,1,0.05,0.0,0.05,0.05
output,anneal,PDL1.compactness,1,-0.08,0.0,-0.08,-0.08
output,anneal,PDL1.interface_contacts,1,2.3,0.0,2.3,2.3
output,anneal,PDL1.interface_pae,1,0.03,0.0,0.03,0.03
output,anneal,PDL1.iptm,1,0.6,0.0,0.6,0.6
output,anneal,PDL1.iptm_loss,1,0.02,0.0,0.02,0.02
output,anneal,PDL1.plddt_loss,1,0.02,0.0,0.02,0.02
output,anneal,PDL1.ptm,1,0.77,0.0,0.77,0.77
output,candidate,All_Atom_Clashes,3,10.3,0.47,10.0,11.0
output,candidate,Backbone_Clashes,3,0.0,0.0,0.0,0.0
output,candidate,Binder_BetaSheet_Fraction,3,0.0,0.0,0.0,0.0
output,candidate,Binder_Cysteines,3,0.0,0.0,0.0,0.0
output,candidate,Binder_Disulfides,3,0.0,0.0,0.0,0.0
output,candidate,Binder_Extinction,3,10466.7,702.4,9970.0,11460.0
output,candidate,Binder_Free_Cysteines,3,0.0,0.0,0.0,0.0
output,candidate,Binder_Helix_Fraction,3,0.79,0.0,0.79,0.79
output,candidate,Binder_Loop_Fraction,3,0.21,0.0,0.21,0.21
output,candidate,Binder_Mass_kDa,3,9.9,0.05,9.8,9.9
output,candidate,Binder_Net_Charge,3,0.01,2.2,-2.0,3.0
output,candidate,Binder_RMSD,3,0.33,0.05,0.27,0.4
output,candidate,Binder_pI,3,7.0,2.1,5.3,9.9
output,candidate,Epitope_Residues_Contacted,3,14.7,0.47,14.0,15.0
output,candidate,Hotspot_Contact_Fraction,3,1.0,0.0,1.0,1.0
output,candidate,Interface_BetaSheet_Fraction,3,0.0,0.0,0.0,0.0
output,candidate,Interface_BuriedArea,3,852.6,22.2,826.7,881.0
output,candidate,Interface_BuriedArea_Fraction,3,0.15,0.0,0.15,0.16
output,candidate,Interface_Helix_Fraction,3,0.88,0.03,0.85,0.92
output,candidate,Interface_Hydrophobicity,3,0.37,0.01,0.36,0.38
output,candidate,Interface_Loop_Fraction,3,0.12,0.03,0.08,0.15
output,candidate,Interface_Residues,3,13.3,0.47,13.0,14.0
output,candidate,Off_Epitope_Contact_Fraction,3,0.31,0.01,0.3,0.32
output,candidate,SS_pLDDT,3,0.92,0.0,0.92,0.93
output,candidate,Surface_Hydrophobicity,3,0.23,0.02,0.2,0.26
output,candidate,Target_RMSD,3,0.32,0.0,0.31,0.32
output,candidate,Target_pLDDT,3,0.93,0.0,0.93,0.93
output,candidate,Unbound_Binder_pLDDT,3,0.89,0.0,0.89,0.9
output,candidate,i_pAE,3,0.19,0.01,0.18,0.2
output,candidate,i_pDAE,3,0.17,0.0,0.16,0.17
output,candidate,i_pTM,3,0.78,0.01,0.77,0.79
output,candidate,length,3,80.0,0.0,80.0,80.0
output,candidate,pLDDT,3,0.9,0.01,0.89,0.91
output,candidate,pTM,3,0.85,0.0,0.85,0.85
output,final,All_Atom_Clashes,1,5.0,0.0,5.0,5.0
output,final,Backbone_Clashes,1,0.0,0.0,0.0,0.0
output,final,Binder_BetaSheet_Fraction,1,0.0,0.0,0.0,0.0
output,final,Binder_Cysteines,1,0.0,0.0,0.0,0.0
output,final,Binder_Disulfides,1,0.0,0.0,0.0,0.0
output,final,Binder_Extinction,1,11460.0,0.0,11460.0,11460.0
output,final,Binder_Free_Cysteines,1,0.0,0.0,0.0,0.0
output,final,Binder_Helix_Fraction,1,0.78,0.0,0.78,0.78
output,final,Binder_Loop_Fraction,1,0.23,0.0,0.23,0.23
output,final,Binder_Mass_kDa,1,9.9,0.0,9.9,9.9
output,final,Binder_Net_Charge,1,6.1,0.0,6.1,6.1
output,final,Binder_pI,1,10.9,0.0,10.9,10.9
output,final,Epitope_Residues_Contacted,1,15.0,0.0,15.0,15.0
output,final,Hotspot_Contact_Fraction,1,1.0,0.0,1.0,1.0
output,final,Interface_BetaSheet_Fraction,1,0.0,0.0,0.0,0.0
output,final,Interface_BuriedArea,1,895.0,0.0,895.0,895.0
output,final,Interface_BuriedArea_Fraction,1,0.16,0.0,0.16,0.16
output,final,Interface_Helix_Fraction,1,0.88,0.0,0.88,0.88
output,final,Interface_Hydrophobicity,1,0.38,0.0,0.38,0.38
output,final,Interface_Loop_Fraction,1,0.12,0.0,0.12,0.12
output,final,Interface_Residues,1,16.0,0.0,16.0,16.0
output,final,Off_Epitope_Contact_Fraction,1,0.25,0.0,0.25,0.25
output,final,SS_pLDDT,1,0.96,0.0,0.96,0.96
output,final,Surface_Hydrophobicity,1,0.36,0.0,0.36,0.36
output,final,Target_RMSD,1,0.28,0.0,0.28,0.28
output,final,Target_pLDDT,1,0.91,0.0,0.91,0.91
output,final,i_pAE,1,0.16,0.0,0.16,0.16
output,final,i_pDAE,1,0.36,0.0,0.36,0.36
output,final,i_pTM,1,0.85,0.0,0.85,0.85
output,final,length,2,80.0,0.0,80.0,80.0
output,final,pLDDT,1,0.94,0.0,0.94,0.94
output,final,pTM,1,0.87,0.0,0.87,0.87
output,final,trajectory,2,1.5,0.5,1.0,2.0
output,harden,PDL1.binder_contacts,1,1.4,0.0,1.4,1.4
output,harden,PDL1.binder_helicity,1,-0.6,0.0,-0.6,-0.6
output,harden,PDL1.binder_pae,1,0.03,0.0,0.03,0.03
output,harden,PDL1.compactness,1,-0.07,0.0,-0.07,-0.07
output,harden,PDL1.interface_contacts,1,2.3,0.0,2.3,2.3
output,harden,PDL1.interface_pae,1,0.04,0.0,0.04,0.04
output,harden,PDL1.iptm,1,0.57,0.0,0.57,0.57
output,harden,PDL1.iptm_loss,1,0.02,0.0,0.02,0.02
output,harden,PDL1.plddt_loss,1,0.01,0.0,0.01,0.01
output,harden,PDL1.ptm,1,0.75,0.0,0.75,0.75
output,mutate,PDL1.iptm,1,0.48,0.0,0.48,0.48
output,mutate,PDL1.ptm,1,0.71,0.0,0.71,0.71
output,refine,PDL1.binder_contacts,2,2.6,0.82,1.7,3.4
output,refine,PDL1.binder_helicity,2,-0.44,0.07,-0.51,-0.37
output,refine,PDL1.binder_pae,2,0.12,0.07,0.05,0.19
output,refine,PDL1.compactness,2,0.16,0.18,-0.01,0.34
output,refine,PDL1.interface_contacts,2,2.8,0.82,2.0,3.6
output,refine,PDL1.interface_pae,2,0.05,0.02,0.03,0.07
output,refine,PDL1.iptm,2,0.45,0.24,0.21,0.69
output,refine,PDL1.iptm_loss,2,0.03,0.01,0.02,0.04
output,refine,PDL1.plddt_loss,2,0.03,0.02,0.02,0.05
output,refine,PDL1.ptm,2,0.7,0.1,0.6,0.8
output,screen,PDL1.binder_contacts,2,2.7,0.24,2.5,3.0
output,screen,PDL1.binder_helicity,2,-0.4,0.0,-0.4,-0.4
output,screen,PDL1.binder_pae,2,0.12,0.02,0.1,0.14
output,screen,PDL1.compactness,2,0.39,0.1,0.29,0.5
output,screen,PDL1.interface_contacts,2,3.0,0.42,2.6,3.4
output,screen,PDL1.interface_pae,2,0.05,0.01,0.04,0.06
output,screen,PDL1.iptm,2,0.4,0.15,0.25,0.55
output,screen,PDL1.iptm_loss,2,0.03,0.01,0.02,0.04
output,screen,PDL1.plddt_loss,2,0.03,0.01,0.03,0.04
output,screen,PDL1.ptm,2,0.68,0.07,0.61,0.74
output,trajectory,PDL1.binder_contacts,2,2.6,0.54,2.0,3.1
output,trajectory,PDL1.binder_helicity,2,-0.44,0.04,-0.48,-0.39
output,trajectory,PDL1.binder_pae,2,0.11,0.04,0.07,0.15
output,trajectory,PDL1.compactness,2,0.26,0.18,0.08,0.45
output,trajectory,PDL1.interface_contacts,2,2.9,0.57,2.4,3.5
output,trajectory,PDL1.interface_pae,2,0.05,0.01,0.04,0.06
output,trajectory,PDL1.iptm,2,0.41,0.17,0.24,0.58
output,trajectory,PDL1.iptm_loss,2,0.03,0.01,0.02,0.04
output,trajectory,PDL1.plddt_loss,2,0.03,0.01,0.02,0.04
output,trajectory,PDL1.ptm,2,0.68,0.08,0.61,0.76
